id;file_name;original_file_name;file_size;created_at;updated_at
1;Bedfordshire;forecast;35674;2022-02-08T19:51:19;2022-02-09T00:07:28
2;Plastic Franc;Comoros;79655;2022-02-08T12:32:11;2022-02-08T09:00:51
3;Wisconsin;facilitate solutions Niger;98922;2022-02-08T15:57:41;2022-02-08T20:55:11
4;Consultant wireless input;Technician Supervisor panel;20943;2022-02-08T22:04:26;2022-02-08T10:31:52
5;fresh-thinking Card Indian;Crossing Cotton;28299;2022-02-08T21:34:59;2022-02-08T19:18:00
6;Games compress;Auto Jewelery;36597;2022-02-08T16:23:20;2022-02-08T01:07:59
7;calculating Avon Industrial;Lari Licensed;75739;2022-02-08T21:34:20;2022-02-08T09:28:10
8;synthesize;Innovative invoice;75530;2022-02-08T22:01:43;2022-02-08T05:43:10
9;best-of-breed Avon Plastic;niches;89077;2022-02-08T09:29:52;2022-02-08T01:40:42
10;evolve Square back-end;Cambridgeshire Account;90205;2022-02-08T13:55:44;2022-02-08T22:06:46
