id;uuid;first_name;last_name;city;postal_code;street;building_no;door_no;description
1;75bbbeca-5faa-49a0-b384-ec78767c7f9c;Elinor;Daugherty;Newport Beach;Lek Pike;Jast Bypass;Legacy Account;Creek hack Path;Finland Small generate
2;a4f4b9d1-9747-4437-8714-e50f17a5ceb0;Marianne;Shanahan;Allen;RSS channels;Myron Plains;Hryvnia Games Grocery;Uruguay virtual Granite;Lats quantifying
3;ed11270f-4bf5-4e62-89f1-d27d2c11f421;Cielo;Herman;Lakewood;copy;Josue Brooks;Account;ivory;Assistant payment payment
4;3d1d8fda-8981-4ce6-a55d-e94403701ff6;Maggie;Macejkovic;Schneiderburgh;Outdoors upward-trending;Carmela Squares;eyeballs;withdrawal Home;analyzing of Awesome
5;a58cf3db-954c-4bc8-b4d9-f26f820fb533;Wayne;Dach;Waelchiport;Regional;Parisian Viaduct;Territory modular;intelligence;schemas Borders
6;e1080742-ba42-476a-8e81-0d119fe0caca;Kenton;McClure;East Romaine;Russian ADP markets;Eunice Drive;Won;transmitter Global;COM invoice Sports
7;c5792c50-d1fb-47d4-a5b8-0a59091bf658;Al;Flatley;Eleanoraborough;Specialist Nigeria;Murl Corners;Peso Senior;Kids;Soft matrix Incredible
8;4a407e4f-259e-45d6-959a-b52a88e26aaf;Linwood;Auer;Rashadberg;program Cambridgeshire;Luciano Prairie;Georgia;cross-platform Program;reboot Legacy compressing
9;3f3e84fa-9d13-4bbc-8411-f37a5d9259f9;Marjolaine;Green;Kiehnmouth;monitor;Lang Lock;monitor;SCSI;Virginia
10;35238f1b-cd3a-4e24-a075-cf3baf312f10;Tomasa;Rath;Port Uriahshire;morph;Dach Forge;functionalities Inlet;Jewelery tan;HTTP
